Sample ID;Sample ID;Name;condition;reads;mapped;percentage
SRR9665;408;Fa3;Fa;31031564;28683051;92.4
SRR9665;409;Fa2;Fa;33944054;31155917;91.8
SRR9665;410;Fa1;Fa;33140260;30228041;91.2
SRR9665;411;C3;C;29549544;27169150;91.9
SRR9665;412;Aa2;Aa;33442905;30384981;90.9
SRR9665;413;Aa1;Aa;30005228;27382913;91.3
SRR9665;414;Aa_Fa1;Aa_Fa;33292769;30005468;90.1
SRR9665;415;Aa3;Aa;27681846;25277270;91.3
SRR9665;416;Aa_Fa3;Aa_Fa;33616525;30454271;90.6
SRR9665;417;Aa_Fa2;Aa_Fa;30738524;27796039;90.4
SRR9665;418;C2;C;30373484;27927337;91.9
SRR9665;419;C1;C;29275826;26971837;92.1
